{"cameraMode":{"drawMode":0,"name":"Shaded","section":"Shading Mode"},"sceneLighting":false,"audioPlay":false,"sceneViewState":{"showFog":true,"showMaterialUpdate":true,"showSkybox":true,"showFlares":true,"showImageEffects":true,"showParticleSystems":true},"in2DMode":false,"pivot":{"x":90.741943359375,"y":-16.329423904418947,"z":-4.403111457824707},"rotation":{"x":-0.08084502071142197,"y":0.040356144309043887,"z":0.003275996772572398,"w":0.9959030747413635},"size":77.59678649902344,"orthographic":false}